Date,Open,Close,High,Low,Volume
2014-09-19,92.70,93.89,99.70,89.95,271879435
2014-09-22,92.70,89.89,92.95,89.50,66657827
2014-09-23,88.94,87.17,90.48,86.62,39009788
2014-09-24,88.47,90.57,90.57,87.22,32088108
2014-09-25,91.09,88.92,91.50,88.50,28597506
2014-09-26,89.73,90.46,90.46,88.66,18339716
2014-09-29,89.62,88.75,89.70,88.02,25302002
2014-09-30,89.00,88.85,90.88,88.46,24419426
2014-10-01,88.70,86.10,88.94,86.04,24029603
2014-10-02,86.27,87.06,88.20,85.61,21469688
2014-10-03,88.10,88.10,89.94,87.65,18485725
2014-10-06,89.15,88.31,89.65,88.06,9276113
2014-10-07,87.95,87.67,89.70,87.06,12791745
2014-10-08,88.00,88.30,88.50,87.06,10259807
2014-10-09,88.51,88.79,90.35,88.00,21506963
2014-10-10,88.25,85.88,88.74,85.24,15431445
2014-10-13,86.85,85.12,86.89,84.92,14845004
2014-10-14,85.81,84.95,85.88,83.22,15567286
2014-10-15,84.04,85.60,86.49,82.81,16824274
2014-10-16,84.98,88.85,89.18,84.02,15231729
2014-10-17,90.40,87.91,90.90,87.67,17360731
2014-10-20,88.00,88.26,89.50,87.86,9891384
2014-10-21,89.10,90.90,92.50,88.50,23243839
2014-10-22,92.25,91.63,93.50,91.01,20364544
2014-10-23,92.92,94.45,94.70,92.82,20640967
2014-10-24,95.07,95.76,98.00,94.78,32132556
2014-10-27,97.00,97.79,98.85,96.30,28302370
2014-10-28,99.84,99.68,100.67,98.61,32127642
2014-10-29,99.88,98.31,100.00,96.82,28655356
2014-10-30,98.48,98.73,99.44,97.30,15484601
2014-10-31,100.10,98.60,100.22,98.14,18128280
2014-11-03,99.67,101.80,102.80,99.05,40883730
2014-11-04,100.43,106.07,106.36,99.51,67814005
2014-11-05,108.48,108.67,110.14,106.48,48344248
2014-11-06,109.30,111.57,111.70,107.21,33608596
2014-11-07,112.93,114.56,114.77,111.75,51457292
2014-11-10,117.27,119.15,119.45,115.20,75970621
2014-11-11,117.25,114.54,117.55,113.69,71152418
2014-11-12,115.05,118.20,119.07,114.02,53908024
2014-11-13,119.30,114.84,120.00,114.55,62162512
2014-11-14,115.06,115.10,115.39,113.35,29848790
2014-11-17,115.44,114.25,115.63,113.13,22573052
2014-11-18,114.33,110.81,114.38,110.41,41097971
2014-11-19,109.83,108.82,110.68,107.22,46840584
2014-11-20,107.81,109.82,112.44,107.26,36489321
2014-11-21,113.21,110.73,113.50,110.44,27432207
2014-11-24,112.00,113.92,113.93,111.55,20645684
2014-11-25,114.94,113.47,115.17,112.33,23484800
2014-11-26,113.33,112.67,113.74,112.33,11832909
2014-11-28,113.14,111.64,113.23,111.11,8077842
2014-12-01,110.02,105.99,110.05,103.90,38464170
2014-12-02,107.35,109.89,110.00,106.61,18785046
2014-12-03,110.40,110.64,111.68,108.80,16221061
2014-12-04,110.10,109.17,110.50,108.91,10860303
2014-12-05,109.60,107.90,110.35,107.76,12148064
2014-12-08,105.97,105.07,107.40,104.21,19217254
2014-12-09,102.27,107.48,107.95,101.20,24866811
2014-12-10,107.09,103.88,107.38,103.51,18466661
2014-12-11,104.44,104.97,106.84,104.29,15684278
2014-12-12,104.70,105.11,107.45,104.18,14537588
2014-12-15,106.39,104.70,107.77,103.70,16521759
2014-12-16,103.75,105.77,107.68,103.70,21700589
2014-12-17,107.11,109.02,109.19,106.28,17311145
2014-12-18,110.58,109.25,111.20,108.26,22788099
2014-12-19,109.93,110.65,110.65,108.04,14857753
2014-12-22,110.63,108.77,110.98,108.53,13041238
2014-12-23,108.30,105.52,108.47,103.88,19096295
2014-12-24,105.68,105.95,107.21,105.60,5870358
2014-12-26,105.99,105.95,106.94,105.50,6529104
2014-12-29,105.95,105.98,107.66,105.64,8068606
2014-12-30,105.64,105.75,106.71,105.13,10205745
2014-12-31,106.46,103.94,106.47,103.69,10283426
2015-01-02,104.24,103.60,104.72,102.52,12303388
2015-01-05,102.76,101.00,103.02,99.90,18337015
2015-01-06,101.25,103.32,103.85,100.11,15720408
2015-01-07,104.59,102.13,104.74,102.03,11052156
2015-01-08,102.95,105.03,105.34,102.68,12942054
2015-01-09,105.24,103.02,105.30,102.89,10222235
2015-01-12,103.20,101.62,103.36,101.21,7997243
2015-01-13,102.59,100.77,102.85,100.01,11294447
2015-01-14,99.28,99.58,100.18,98.06,17807989
2015-01-15,99.67,96.31,100.14,96.02,18260075
2015-01-16,96.09,96.89,97.80,95.52,13327946
2015-01-20,98.30,100.04,100.21,97.59,12105566
2015-01-21,100.75,103.29,103.86,100.32,15186903
2015-01-22,104.60,104.00,104.92,103.10,11432954
2015-01-23,104.02,103.11,105.20,103.02,9873817
2015-01-26,104.40,103.99,105.13,103.33,10664933
2015-01-27,102.89,102.94,103.57,100.58,15659923
2015-01-28,100.30,98.45,101.49,97.79,42144722
2015-01-29,90.53,89.81,90.74,87.36,76561394
2015-01-30,89.60,89.08,92.00,88.11,36806855
2015-02-02,91.13,90.13,91.66,88.61,18865339
2015-02-03,91.65,90.61,91.65,89.90,13512263
2015-02-04,90.99,90.00,91.88,89.48,14643641
2015-02-05,89.58,87.00,89.84,86.10,28926155
2015-02-06,87.11,85.68,87.40,85.42,17632088
2015-02-09,85.83,86.00,86.75,85.47,12109549
2015-02-10,87.01,87.26,87.47,86.52,12043343
2015-02-11,87.58,86.00,87.70,85.82,12391883
2015-02-12,85.60,87.10,88.30,85.55,15177782
2015-02-13,88.20,89.05,89.30,87.65,14665220
2015-02-17,88.78,86.85,88.99,86.70,15191655
2015-02-18,87.10,86.74,87.43,86.50,7422267
2015-02-19,86.81,86.89,87.87,86.71,7604050
2015-02-20,87.25,86.64,87.29,86.38,7821725
2015-02-23,86.51,85.47,86.68,85.25,9367921
2015-02-24,85.53,84.69,85.53,83.88,15846433
2015-02-25,84.38,86.19,86.83,84.36,13645741
2015-02-26,86.92,85.37,87.16,85.20,8763283
2015-02-27,85.95,85.12,86.56,85.00,8377156
2015-03-02,85.00,84.00,85.02,83.75,11213400
2015-03-03,82.95,81.58,83.25,80.03,39246079
2015-03-04,80.27,85.49,85.83,80.17,36607207
2015-03-05,85.75,86.10,86.27,84.01,18514791
2015-03-06,85.74,84.40,86.00,84.05,10673713
2015-03-09,84.35,82.53,84.35,81.48,17609246
2015-03-10,81.09,82.97,83.15,80.65,13804848
2015-03-11,83.00,81.99,83.38,81.19,12765558
2015-03-12,82.10,81.92,82.90,81.53,11229263
2015-03-13,81.80,81.86,81.92,80.77,12659615
2015-03-16,82.01,84.00,85.20,81.94,16903700
2015-03-17,84.01,84.50,85.10,83.51,17616665
2015-03-18,83.87,84.59,85.95,83.30,35652144
2015-03-19,85.11,85.74,87.04,85.00,30452838
2015-03-20,86.33,85.20,86.80,85.09,21177585
2015-03-23,85.25,84.25,85.53,84.21,11177574
2015-03-24,84.35,83.63,84.50,82.39,14539272
2015-03-25,83.94,83.75,84.48,82.67,13504201
2015-03-26,83.20,84.17,85.00,82.96,12202458
2015-03-27,84.78,84.58,85.15,83.34,9700837
2015-03-30,84.87,83.90,85.15,83.75,10017292
2015-03-31,83.64,83.24,84.45,83.20,11810261
2015-04-01,83.37,82.36,83.72,82.18,14895750
2015-04-02,82.88,82.28,83.00,81.25,19865973
2015-04-06,82.05,81.82,82.59,81.61,12806282
2015-04-07,81.94,82.21,82.95,81.88,9437842
2015-04-08,83.30,85.39,85.54,83.07,26151641
2015-04-09,87.03,86.14,87.69,85.20,27797554
2015-04-10,86.68,84.58,86.69,84.15,18295725
2015-04-13,85.16,84.28,85.71,83.82,15795443
2015-04-14,84.63,85.00,85.13,83.53,11813637
2015-04-15,85.08,84.67,85.36,84.16,12223923
2015-04-16,85.15,84.06,85.40,83.89,12042048
2015-04-17,83.08,81.90,83.25,81.61,22784114
2015-04-20,82.25,82.20,82.69,81.52,13469770
2015-04-21,82.86,82.42,82.92,82.14,10051731
2015-04-22,82.78,82.05,82.84,81.52,13309754
2015-04-23,81.88,82.28,82.75,81.62,11473229
2015-04-24,82.88,84.57,84.99,82.80,21056475
2015-04-27,85.53,84.90,86.27,84.65,17428252
2015-04-28,85.54,85.08,85.57,83.82,11105419
2015-04-29,84.06,82.45,84.40,81.64,21092473
2015-04-30,82.22,81.29,82.65,80.44,14204716
2015-05-01,81.03,81.17,82.25,80.11,17907774
2015-05-04,81.17,80.59,81.56,80.12,21537799
2015-05-05,80.44,79.54,80.90,77.77,32649819
2015-05-06,79.65,80.00,80.85,79.51,24933611
2015-05-07,88.83,86.00,89.29,84.91,69425825
2015-05-08,87.82,87.06,88.27,86.89,30136017
2015-05-11,86.70,86.72,87.67,86.06,19775461
2015-05-12,87.05,86.77,87.50,86.14,16072489
2015-05-13,87.08,87.53,88.47,87.00,19010374
2015-05-14,87.74,88.40,88.48,87.53,12082135
2015-05-15,88.51,88.46,88.96,88.05,13422362
2015-05-18,87.61,87.11,87.93,86.61,13487586
2015-05-19,86.99,88.21,88.80,86.47,20716303
2015-05-20,88.14,90.70,90.80,87.30,29801701
2015-05-21,91.35,93.88,94.77,90.92,40702107
2015-05-22,94.28,93.27,95.06,93.19,22176060
2015-05-26,93.65,92.52,93.92,91.55,15670677
2015-05-27,92.22,92.60,92.99,91.60,9505333
2015-05-28,91.69,90.95,91.93,90.58,14208633
2015-05-29,91.35,89.32,91.50,89.32,13888066
2015-06-01,90.09,90.78,90.99,89.49,9903610
2015-06-02,90.55,90.51,91.54,90.19,9863293
2015-06-03,90.73,90.79,91.04,89.90,9421776
2015-06-04,90.71,90.59,91.41,90.27,8682641
2015-06-05,90.46,90.71,91.60,90.46,11351204
2015-06-08,90.65,88.29,91.60,88.24,15690252
2015-06-09,88.04,87.58,88.18,86.12,16078009
2015-06-10,87.70,88.90,88.99,87.20,12549424
2015-06-11,89.03,87.21,89.48,87.10,13709684
2015-06-12,87.42,86.63,87.79,86.48,9972368
2015-06-15,86.30,86.12,87.17,86.05,10213275
2015-06-16,86.00,86.09,86.70,85.61,10973315
2015-06-17,86.58,86.80,87.80,86.48,10238999
2015-06-18,86.97,86.75,87.59,86.32,11731827
2015-06-19,86.51,85.74,86.60,85.17,10287124
2015-06-22,86.07,85.68,86.40,85.58,7145191
2015-06-23,85.98,85.08,86.34,84.83,11407507
2015-06-24,85.16,85.17,85.81,84.85,9433644
2015-06-25,85.47,85.24,85.60,84.90,8921481
2015-06-26,84.63,83.28,84.65,82.82,12665629
2015-06-29,81.64,81.07,82.88,80.80,15196308
2015-06-30,82.58,82.27,83.69,81.96,12624410
2015-07-01,82.60,82.46,83.00,81.99,5945338
2015-07-02,82.12,82.07,82.32,81.78,6759495
2015-07-06,80.56,80.23,81.50,80.12,11859683
2015-07-07,79.45,79.62,79.79,76.21,34219149
2015-07-08,76.58,77.94,78.79,76.22,22698611
2015-07-09,80.93,79.04,81.19,79.04,19775093
2015-07-10,81.13,80.30,81.20,79.84,11221859
2015-07-13,80.92,81.86,82.20,80.70,10346278
2015-07-14,81.58,81.50,82.02,81.13,7517161
2015-07-15,80.90,80.73,81.50,80.21,9511813
2015-07-16,81.39,81.53,82.00,80.90,8591570
2015-07-17,81.99,83.36,83.70,81.58,14499602
2015-07-20,83.56,82.67,83.68,82.05,8123121
2015-07-21,83.11,82.54,83.25,82.22,5750138
2015-07-22,82.16,84.15,84.75,82.00,11207318
2015-07-23,84.66,83.88,84.97,83.25,7443289
2015-07-24,85.17,83.02,85.38,82.65,8759200
2015-07-27,80.85,81.40,81.70,79.68,12178161
2015-07-28,80.67,80.56,80.80,79.25,12119416
2015-07-29,80.98,80.26,81.37,80.01,7175830
2015-07-30,80.11,79.96,80.64,79.45,6934278
2015-07-31,79.85,78.34,79.91,78.20,12685153
2015-08-03,78.20,77.99,78.50,77.11,9271488
2015-08-04,78.07,78.87,79.35,77.80,8499174
2015-08-05,79.59,79.82,80.42,79.48,7502200
2015-08-06,79.85,78.96,80.75,78.64,9296087
2015-08-07,79.65,78.82,80.20,78.66,8737916
2015-08-10,79.86,80.47,80.99,79.50,11272562
2015-08-11,79.48,77.34,80.00,76.15,22958112
2015-08-12,72.32,73.38,73.85,71.03,41176655
2015-08-13,74.00,75.11,76.73,73.66,23226118
2015-08-14,74.53,74.76,75.49,74.46,12364791
2015-08-17,74.85,75.19,75.24,74.16,12675436
2015-08-18,74.05,73.88,75.13,73.73,11151792
2015-08-19,73.15,73.12,73.56,72.81,18174173
2015-08-20,71.98,70.32,72.78,70.03,20993569
2015-08-21,69.32,68.18,70.66,68.18,29124133
2015-08-24,58.16,65.80,67.48,58.00,31370443
2015-08-25,68.84,68.57,70.33,67.49,29931626
2015-08-26,68.95,68.66,69.45,65.75,26384090
2015-08-27,70.84,70.84,71.59,70.02,18121837
2015-08-28,69.68,70.07,70.50,69.05,10604388
2015-08-31,69.18,66.12,69.30,66.02,18468552
2015-09-01,64.38,64.83,66.84,64.05,23461130
2015-09-02,65.69,65.54,66.00,64.97,13374519
2015-09-03,65.82,66.47,66.89,65.41,15800816
2015-09-04,65.41,63.91,65.57,63.34,18182729
2015-09-08,65.78,60.91,66.81,60.25,50306731
2015-09-09,62.73,64.04,64.67,62.53,33145635
2015-09-10,63.52,63.83,64.25,63.34,13280177
2015-09-11,63.37,64.63,64.79,62.70,17739310
2015-09-14,62.55,62.60,63.26,61.48,26757603
2015-09-15,61.45,64.85,65.36,61.11,29032080
2015-09-16,65.61,67.23,68.08,65.26,25798387
2015-09-17,66.41,66.00,66.65,65.60,16594076
2015-09-18,65.40,65.75,65.75,64.01,20117918
2015-09-21,65.38,63.90,66.40,62.96,22351152
2015-09-22,62.94,61.90,63.27,61.58,14895600
2015-09-23,61.96,60.00,62.30,59.68,22679848
2015-09-24,59.42,59.92,60.34,58.21,20638841
2015-09-25,60.63,59.24,60.84,58.92,17002977
2015-09-28,58.81,57.39,60.12,57.32,20657342
2015-09-29,57.30,57.82,58.65,57.20,16769820
2015-09-30,58.87,58.97,60.08,58.35,16765709
2015-10-01,59.50,58.87,59.83,58.23,8147124
2015-10-02,58.36,63.20,63.24,58.20,22352151
2015-10-05,63.47,63.93,64.78,62.20,13582918
2015-10-06,63.72,63.92,64.73,63.28,9617369
2015-10-07,64.84,66.28,66.66,64.38,15797378
2015-10-08,66.04,67.70,68.41,65.96,18665045
2015-10-09,68.20,68.71,69.45,67.31,14758656
2015-10-12,69.64,70.30,70.47,69.00,15544796
2015-10-13,69.49,69.68,70.32,68.38,13051831
2015-10-14,69.50,68.54,69.70,67.43,12283917
2015-10-15,69.34,71.78,72.44,69.26,18199651
2015-10-16,72.50,71.99,73.64,71.21,15950205
2015-10-19,71.80,72.65,73.00,71.52,10885831
2015-10-20,72.99,71.79,73.00,71.55,11089813
2015-10-21,71.66,69.48,71.79,68.89,16859702
2015-10-22,70.16,70.99,71.63,70.07,10804891
2015-10-23,73.98,75.62,75.76,72.84,22508967
2015-10-26,75.44,76.35,77.42,75.13,24784055
2015-10-27,82.11,79.44,82.79,78.25,50801808
2015-10-28,79.48,82.35,82.55,79.20,25018757
2015-10-29,81.97,82.22,82.53,80.82,16423146
2015-10-30,82.70,83.83,84.44,82.60,20733797
2015-11-02,83.52,84.35,84.83,82.75,13825598
2015-11-03,84.00,83.44,84.59,83.13,11640502
2015-11-04,84.45,85.40,85.60,84.03,23717360
2015-11-05,85.22,85.38,86.42,84.20,20640685
2015-11-06,85.53,83.61,86.35,80.77,38526480
2015-11-09,82.42,81.38,83.47,80.22,19084860
2015-11-10,81.10,81.43,82.43,79.62,21989844
2015-11-11,82.28,79.85,82.49,78.12,29623835
2015-11-12,78.99,78.76,80.50,78.45,18833597
2015-11-13,77.15,75.85,78.00,75.64,24225785
2015-11-16,75.83,78.30,78.75,75.77,17041841
2015-11-17,78.90,78.13,79.14,77.47,12470586
2015-11-18,78.25,77.69,78.31,76.15,16734514
2015-11-19,78.06,77.87,79.15,77.40,15689560
2015-11-20,78.44,79.95,80.79,78.40,21024028
2015-11-23,80.45,81.31,82.19,79.97,18763944
2015-11-24,80.85,80.86,81.11,79.27,15280532
2015-11-25,80.91,81.71,82.68,80.82,16329910
2015-11-27,80.57,81.38,81.41,79.28,12600339
2015-11-30,81.50,84.08,84.47,81.38,97884086
2015-12-01,83.77,84.00,84.39,83.50,26215997
2015-12-02,84.27,85.00,85.82,84.25,36609078
2015-12-03,85.05,82.59,85.10,82.10,23022687
2015-12-04,82.58,84.85,85.00,82.42,15552723
2015-12-07,84.80,84.76,85.13,84.20,11874979
2015-12-08,82.77,84.38,84.67,82.61,14661649
2015-12-09,84.37,83.42,85.20,82.97,21912042
2015-12-10,83.34,84.33,84.34,82.85,10464228
2015-12-11,82.85,79.74,83.05,79.42,20789918
2015-12-14,80.15,80.57,80.76,78.99,12074881
2015-12-15,81.06,82.49,83.39,80.90,13052529
2015-12-16,83.30,84.63,85.05,83.00,16573779
2015-12-17,85.00,83.56,85.32,82.85,12998985
2015-12-18,83.20,82.65,83.75,82.03,12168392
2015-12-21,83.15,82.87,83.73,82.43,8093551
2015-12-22,82.89,84.84,85.10,82.89,12777796
2015-12-23,85.05,84.80,85.09,83.72,11238023
2015-12-24,84.56,83.71,84.80,83.41,3775327
2015-12-28,82.56,82.14,82.75,81.52,9318765
2015-12-29,82.50,83.26,83.51,82.41,6942446
2015-12-30,82.95,81.68,83.11,81.50,6982019
2015-12-31,81.48,81.27,82.17,81.25,6744307
2016-01-04,78.18,76.69,78.31,75.18,23057981
2016-01-05,77.92,78.63,78.68,77.26,14256391
2016-01-06,77.12,77.33,78.49,76.97,11565711
2016-01-07,73.29,72.72,75.50,71.54,27282890
2016-01-08,74.33,70.80,74.66,70.67,20813177
2016-01-11,71.29,69.92,71.73,69.02,16959689
2016-01-12,71.45,72.68,72.77,71.00,13451976
2016-01-13,72.77,70.29,73.24,70.22,12467328
2016-01-14,70.29,72.25,72.72,68.27,17718647
2016-01-15,68.70,69.59,71.00,67.54,20719795
2016-01-19,71.94,70.13,72.31,69.81,17417779
2016-01-20,68.03,68.71,69.11,65.34,19451536
2016-01-21,68.78,70.72,71.65,67.14,16563667
2016-01-22,72.51,70.37,73.34,69.89,15831052
2016-01-25,70.80,69.72,70.80,69.02,14782202
2016-01-26,69.01,69.77,70.19,68.88,11468135
2016-01-27,69.96,69.54,71.42,68.75,18235002
2016-01-28,72.55,66.92,73.15,66.67,33155477
2016-01-29,67.98,67.03,68.93,65.40,25587578
2016-02-01,66.50,67.03,67.70,65.35,16212602
2016-02-02,67.05,65.09,67.74,64.66,19148876
2016-02-03,65.60,63.44,65.73,60.87,31916760
2016-02-04,64.33,64.86,65.72,63.10,22910795
2016-02-05,64.71,62.64,64.86,62.18,12841443
2016-02-08,60.90,61.10,62.05,60.45,16155286
2016-02-09,60.11,61.39,62.22,59.25,12737867
2016-02-10,61.90,61.78,63.09,60.87,8997243
2016-02-11,60.25,60.57,61.63,59.85,15007002
2016-02-12,61.27,60.89,62.78,60.28,13666786
2016-02-16,64.42,66.29,66.89,64.04,21725913
2016-02-17,67.17,66.38,67.39,65.68,14455065
2016-02-18,67.00,66.52,68.50,66.23,14546878
2016-02-19,66.80,67.28,67.75,66.09,12333347
2016-02-22,68.30,68.84,69.53,67.98,13404963
2016-02-23,68.50,66.97,68.66,66.47,12929767
2016-02-24,66.17,67.23,67.69,65.21,10775775
2016-02-25,65.67,66.66,66.72,64.66,14678010
2016-02-26,68.09,66.91,68.83,66.86,12079803
2016-02-29,67.64,68.81,70.58,67.56,17983242
2016-03-01,70.02,70.86,71.84,69.86,14005120
2016-03-02,72.04,71.25,72.04,70.75,10501057
2016-03-03,71.31,71.02,72.59,70.46,11595213
2016-03-04,70.96,72.22,72.96,70.72,10762945
2016-03-07,72.20,72.89,73.98,72.00,11243277
2016-03-08,72.40,71.07,72.65,70.96,8669134
2016-03-09,71.59,72.43,72.61,70.68,7282257
2016-03-10,72.50,71.97,73.05,70.61,11247668
2016-03-11,72.58,74.01,74.01,72.22,11217531
2016-03-14,74.01,73.35,74.42,72.89,11069651
2016-03-15,72.62,72.23,72.84,71.75,8373021
2016-03-16,72.01,73.50,73.66,71.86,7700551
2016-03-17,73.76,74.25,74.37,73.51,3160249
2016-03-18,74.97,76.25,76.30,74.71,13350092
2016-03-21,77.09,78.11,79.68,76.94,15492140
2016-03-22,77.00,78.18,78.55,76.91,9146958
2016-03-23,78.16,76.56,78.98,76.15,10806239
2016-03-24,75.15,75.86,76.15,73.53,8833087
2016-03-28,76.45,76.48,76.89,74.90,6081751
2016-03-29,75.60,78.08,78.24,75.57,12533633
2016-03-30,79.01,78.86,79.55,78.54,10695134
2016-03-31,78.50,79.03,79.84,78.41,11318226
2016-04-01,78.24,78.73,79.02,78.20,9261414
2016-04-04,78.33,79.08,79.55,78.32,9816080
2016-04-05,78.20,77.32,78.30,76.91,9601972
2016-04-06,77.30,78.68,79.15,77.19,9066283
2016-04-07,77.60,77.61,78.60,77.18,10937309
2016-04-08,78.27,77.47,78.76,76.62,8400433
2016-04-11,78.07,77.71,78.59,77.43,7896352
2016-04-12,78.00,77.86,78.24,76.87,7113401
2016-04-13,78.74,79.64,79.72,78.50,14147655
2016-04-14,79.31,79.61,79.86,78.36,12610954
2016-04-15,79.45,78.97,79.75,78.46,11707500
2016-04-18,78.52,79.01,79.12,77.71,7765640
2016-04-19,79.20,79.46,80.48,78.47,14741162
2016-04-20,79.00,81.21,81.74,78.99,14911832
2016-04-21,81.08,80.78,81.78,80.20,8817608
2016-04-22,80.12,79.89,85.89,79.16,8648189
2016-04-25,79.80,78.84,79.84,78.68,9205564
2016-04-26,78.85,78.61,79.56,77.80,9631578
2016-04-27,78.30,77.65,78.62,76.57,11490555
2016-04-28,77.65,76.40,77.90,76.09,9958400
2016-04-29,76.81,76.94,77.28,75.66,10124220
2016-05-02,76.89,76.61,77.00,75.94,7716288
2016-05-03,75.96,75.91,76.27,75.43,8018160
2016-05-04,75.64,75.82,75.91,75.01,14315359
2016-05-05,79.52,78.83,79.94,78.10,27950651
2016-05-06,78.35,79.20,79.72,78.25,12858454
2016-05-09,78.94,79.41,79.98,78.89,11795308
2016-05-10,79.79,79.72,79.98,79.15,9318849
2016-05-11,79.43,79.80,80.49,79.41,11071496
2016-05-12,80.01,79.16,80.45,78.32,8791051
2016-05-13,78.83,77.16,79.16,76.97,10074849
2016-05-16,77.86,79.29,79.93,77.59,11660032
2016-05-17,79.83,79.35,80.20,79.31,10970576
2016-05-18,78.71,79.03,80.00,78.47,9084812
2016-05-19,78.65,78.32,79.26,77.60,8317350
2016-05-20,79.07,78.79,79.45,78.35,11043622
2016-05-23,78.95,79.00,79.50,78.60,7187006
2016-05-24,79.17,81.12,81.31,79.07,16702130
2016-05-25,78.53,75.59,79.20,74.12,49666287
2016-05-26,76.99,78.35,78.86,76.80,26964310
2016-05-27,78.49,80.97,81.00,78.39,24549599
2016-05-31,81.00,82.00,82.03,80.20,78831973
2016-06-01,79.15,76.69,80.14,76.55,62511763
2016-06-02,76.65,77.30,77.75,76.56,45377289
2016-06-03,77.24,76.62,77.80,75.71,23683856
2016-06-06,77.11,78.06,78.33,76.70,19165856
2016-06-07,78.19,77.84,78.37,77.32,12876692
2016-06-08,78.00,77.64,78.53,77.38,11610545
2016-06-09,77.39,77.56,78.07,76.78,8993749
2016-06-10,76.43,75.92,77.05,75.76,10420194
2016-06-13,75.25,75.45,76.46,74.85,11296597
2016-06-14,76.89,77.77,78.45,76.75,22356092
2016-06-15,78.31,78.39,78.77,77.51,14732924
2016-06-16,77.84,78.27,78.40,76.20,13569178
2016-06-17,78.45,77.00,78.45,76.48,15581950
2016-06-20,77.90,78.15,78.79,77.84,9621248
2016-06-21,78.75,78.62,79.08,78.40,8880760
2016-06-22,79.04,78.73,79.12,78.21,8170465
2016-06-23,79.16,79.14,79.46,78.55,8271728
2016-06-24,76.83,76.29,77.50,75.43,18223939
2016-06-27,75.80,74.23,76.29,73.30,15240323
2016-06-28,75.50,76.28,76.60,75.50,11263981
2016-06-29,76.98,78.04,78.48,76.90,11458248
2016-06-30,78.31,79.53,79.76,78.28,12484688
2016-07-01,79.12,79.65,80.05,79.12,7270759
2016-07-05,79.04,78.97,79.55,78.37,6843947
2016-07-06,78.47,78.64,78.82,77.68,7737637
2016-07-07,79.00,79.35,79.49,78.71,6817894
2016-07-08,78.44,78.99,79.35,77.80,14028975
2016-07-11,79.33,81.46,81.90,79.24,17416125
2016-07-12,81.79,81.74,82.88,81.51,15293895
2016-07-13,81.83,80.57,81.88,80.37,10733263
2016-07-14,81.18,81.74,82.24,80.86,9357817
2016-07-15,81.78,81.25,82.49,80.97,8918328
2016-07-18,80.60,82.65,82.79,80.60,12107716
2016-07-19,82.48,82.77,83.69,82.05,9793568
2016-07-20,83.27,84.42,84.70,83.23,13981317
2016-07-21,84.71,84.18,85.00,83.66,10191960
2016-07-22,84.00,84.49,84.50,83.81,5988370
2016-07-25,84.47,83.19,84.79,82.61,13183766
2016-07-26,82.86,83.59,83.63,82.63,7713434
2016-07-27,83.60,83.10,83.64,83.00,11621959
2016-07-28,83.46,83.12,83.49,82.12,7475926
2016-07-29,83.37,82.48,83.42,81.95,8709259
2016-08-01,82.79,84.34,84.80,82.59,13398443
2016-08-02,84.34,83.80,84.34,82.91,7690180
2016-08-03,83.30,83.67,83.84,83.17,5363908
2016-08-04,83.75,84.75,84.98,83.69,10731563
2016-08-05,85.01,84.59,85.08,84.44,9401038
2016-08-08,84.99,85.00,85.02,84.30,11524103
2016-08-09,85.05,85.24,85.63,84.80,15340759
2016-08-10,86.01,87.33,87.73,86.01,28167392
2016-08-11,92.14,91.77,92.80,91.26,54164984
2016-08-12,92.98,98.25,98.35,92.91,71948520
2016-08-15,98.28,97.17,98.86,96.82,33799357
2016-08-16,96.15,96.66,97.15,95.05,27510222
2016-08-17,96.17,97.00,97.25,96.05,14977171
2016-08-18,97.25,97.00,97.94,96.62,15007911
2016-08-19,96.91,96.86,97.24,96.34,14265149
2016-08-22,96.47,95.65,96.63,94.75,16222785
2016-08-23,95.59,95.79,96.48,95.41,9645970
2016-08-24,95.68,93.88,96.30,93.56,12722727
2016-08-25,93.75,93.94,94.69,93.12,13034568
2016-08-26,94.15,95.06,95.45,94.08,14127930
2016-08-29,94.60,94.88,95.16,94.21,8816199
2016-08-30,95.35,96.00,96.68,95.17,13990664
2016-08-31,96.14,97.19,97.20,96.01,28610395
2016-09-01,97.30,97.42,98.00,97.01,13386396
2016-09-02,97.97,99.25,99.67,97.97,17479022
2016-09-06,100.45,103.78,104.30,100.45,32799414
2016-09-07,103.84,102.32,104.00,102.26,15756126
2016-09-08,101.93,102.57,103.78,101.63,15474346
2016-09-09,101.80,99.62,102.21,99.05,21247442
2016-09-12,97.38,100.80,101.38,97.00,17315884
2016-09-13,100.38,100.28,101.49,98.84,20003490
2016-09-14,100.08,102.40,102.59,100.02,19599431
2016-09-15,102.62,104.45,104.48,102.53,20834576
2016-09-16,104.00,104.64,105.39,103.86,20361766
2016-09-19,105.16,103.03,105.50,102.20,15228110
2016-09-20,102.94,101.45,103.73,100.93,12861426
2016-09-21,102.46,106.00,106.19,102.21,22994913
2016-09-22,107.57,109.36,109.76,107.48,35623748
2016-09-23,108.25,107.71,108.40,106.71,23082726
2016-09-26,106.52,105.89,107.06,105.30,16801803
2016-09-27,106.52,108.26,108.49,106.37,17547900
2016-09-28,108.44,108.75,109.87,107.16,16339488
2016-09-29,106.51,105.55,106.69,104.57,30231368
2016-09-30,106.50,105.79,107.10,105.79,15575017
2016-10-03,105.45,105.38,106.29,104.98,10846647
2016-10-04,105.93,105.45,106.23,105.05,11067366
2016-10-05,105.87,106.96,107.45,105.66,13173956
2016-10-06,107.30,107.08,107.51,106.19,9884558
2016-10-07,106.89,106.00,107.55,105.56,8952564
2016-10-10,106.79,108.41,109.00,106.56,11516078
2016-10-11,107.89,105.23,107.97,104.75,14905888
2016-10-12,105.05,103.62,105.11,101.82,18434183
2016-10-13,102.06,102.15,102.55,99.00,22387487
2016-10-14,104.27,101.85,104.70,101.03,12785695
2016-10-17,101.50,102.84,103.47,101.27,10350118
2016-10-18,104.47,103.34,104.99,103.31,11087853
2016-10-19,104.33,103.93,104.80,103.65,8912399
2016-10-20,104.20,103.85,104.74,103.57,7104482
2016-10-21,103.70,103.94,103.94,102.75,8069429
2016-10-24,104.98,104.50,105.30,103.55,10896748
2016-10-25,104.86,104.22,105.20,104.02,8984158
2016-10-26,103.68,102.78,104.00,102.70,7579156
2016-10-27,103.38,102.38,104.11,101.85,8805942
2016-10-28,102.35,101.93,103.05,101.55,8477541
2016-10-31,102.65,101.69,103.21,101.42,15836933
2016-11-01,100.43,101.15,101.24,99.21,21268929
2016-11-02,103.85,98.51,104.10,97.30,37054067
2016-11-03,98.04,97.75,99.30,96.46,17410292
2016-11-04,96.90,97.57,98.79,96.67,9046829
2016-11-07,100.07,99.35,100.62,99.16,11196183
2016-11-08,99.39,99.85,99.99,98.36,8080970
2016-11-09,97.38,96.67,98.58,95.80,20937303
2016-11-10,98.34,94.34,98.50,92.22,27341227
2016-11-11,93.86,92.99,94.09,91.10,23716977
2016-11-14,92.45,89.77,92.54,87.88,27346246
2016-11-15,91.00,91.00,93.49,90.75,16720543
2016-11-16,91.39,92.86,93.68,91.33,14077985
2016-11-17,94.71,94.07,94.98,93.64,10379424
2016-11-18,94.85,93.39,95.30,92.67,10031921
2016-11-21,94.05,93.41,94.66,93.00,8958460
2016-11-22,94.24,93.21,94.42,93.16,10403494
2016-11-23,92.53,93.03,93.40,91.45,11741987
2016-11-25,93.55,93.01,93.75,92.77,4868511
2016-11-28,93.02,93.76,95.74,93.00,14336925
2016-11-29,93.67,94.99,96.06,93.39,14143845
2016-11-30,95.28,94.02,95.48,93.30,11447142
2016-12-01,94.00,89.86,94.06,89.18,24029255
2016-12-02,90.38,90.48,91.74,89.95,11712327
2016-12-05,90.05,90.99,91.40,89.57,8900846
2016-12-06,91.56,90.40,91.93,89.96,7787214
2016-12-07,90.52,91.07,91.65,89.50,13237657
2016-12-08,91.80,92.31,93.08,91.03,10918549
2016-12-09,92.51,93.28,93.64,92.28,9176649
2016-12-12,92.05,92.47,92.89,91.70,9355056
2016-12-13,92.80,92.16,93.73,91.87,10486934
2016-12-14,91.83,91.19,92.26,90.83,9152831
2016-12-15,90.00,88.85,90.60,88.74,19197250
2016-12-16,89.00,88.67,90.10,88.56,11340700
2016-12-19,88.61,88.93,89.82,88.41,10220670
2016-12-20,89.19,89.84,90.31,88.94,8434149
2016-12-21,89.96,89.25,90.43,89.25,9035260
2016-12-22,87.89,86.80,88.26,86.01,14402019
2016-12-23,86.62,86.79,87.68,86.62,6359213
2016-12-27,86.72,87.54,87.94,86.71,5227540
2016-12-28,88.30,87.37,88.75,87.22,6420059
2016-12-29,87.82,87.33,88.20,87.16,5465901
2016-12-30,87.57,87.81,88.10,87.20,7210118
2017-01-03,89.00,88.60,89.00,88.08,8789013
2017-01-04,88.99,90.51,90.89,88.58,11489724
2017-01-05,91.91,94.37,94.81,91.64,16816988
2017-01-06,94.40,93.89,94.50,93.00,7638216
2017-01-09,94.16,94.72,95.65,93.31,10825717
2017-01-10,96.40,96.75,97.90,95.55,14776962
2017-01-11,96.92,96.94,97.45,95.60,8730238
2017-01-12,96.85,95.90,96.85,94.80,8421616
2017-01-13,95.95,96.27,97.38,95.76,10699709
2017-01-17,96.32,96.12,96.59,95.00,6341944
2017-01-18,96.27,96.00,96.27,95.26,6607125
2017-01-19,96.42,96.17,96.70,95.58,7087780
2017-01-20,96.45,96.06,97.15,95.67,9678904
2017-01-23,96.48,98.41,98.67,96.26,14072077
2017-01-24,103.15,101.43,103.19,99.94,37173723
2017-01-25,102.46,104.06,104.27,101.90,23316527
2017-01-26,103.92,102.75,104.57,102.17,12502173
2017-01-27,102.25,102.07,102.70,101.29,8029740
2017-01-30,101.20,101.02,101.46,100.09,8618627
2017-01-31,100.24,101.31,102.09,100.06,7529383
2017-02-01,102.07,101.57,102.38,100.87,5735378
2017-02-02,101.28,100.84,101.47,100.56,5369995
2017-02-03,101.50,100.39,101.56,100.30,6196352
2017-02-06,100.17,100.90,101.71,100.02,6865582
2017-02-07,101.04,100.83,101.60,100.50,5655088
2017-02-08,101.55,103.57,103.99,101.16,10176865
2017-02-09,103.33,103.34,104.18,102.56,8428702
2017-02-10,103.88,102.36,103.94,102.31,7680112
2017-02-13,102.82,103.10,104.44,102.62,9724181
2017-02-14,103.14,101.59,103.60,100.90,10239860
2017-02-15,102.06,101.55,102.13,100.11,12381790
2017-02-16,101.86,100.82,102.10,100.50,7462539
2017-02-17,100.69,100.52,101.73,100.30,8256514
2017-02-21,101.03,102.12,102.54,100.91,8187899
2017-02-22,102.48,104.20,105.20,102.42,15778842
2017-02-23,104.72,102.46,104.86,101.82,10095258
2017-02-24,101.39,102.95,103.00,101.30,7356392
2017-02-27,102.50,103.60,103.83,102.22,6865650
2017-02-28,103.89,102.90,103.99,102.03,8014728
2017-03-01,103.68,104.04,104.99,103.21,10331088
2017-03-02,103.80,103.19,104.58,102.77,7981506
2017-03-03,102.99,103.31,103.42,102.44,6320211
2017-03-06,102.76,102.31,103.25,102.10,6289255
2017-03-07,102.30,102.63,103.31,102.11,4984972
2017-03-08,102.63,103.22,104.29,102.54,7065357
2017-03-09,102.97,103.24,103.75,102.76,4522629
2017-03-10,103.43,103.39,103.70,102.63,4119480
2017-03-13,103.52,105.18,106.25,103.47,16113249
2017-03-14,104.61,104.25,106.00,103.82,7747469
2017-03-15,104.37,103.69,104.49,102.60,11694769
2017-03-16,105.25,105.63,105.65,104.30,12442677
2017-03-17,105.17,105.61,106.50,104.86,8776535
2017-03-20,106.23,107.25,108.20,105.94,12447321
2017-03-21,108.46,105.09,108.70,104.70,13874580
2017-03-22,104.64,106.09,106.12,103.98,7151985
2017-03-23,106.95,108.25,108.83,106.44,13410143
2017-03-24,108.40,108.04,109.13,107.23,7577404
2017-03-27,106.65,108.08,108.19,106.51,7700626
2017-03-28,108.23,107.80,108.95,107.46,6469277
2017-03-29,107.97,109.51,109.74,107.69,8786726
2017-03-30,109.73,108.85,110.45,108.66,10590201
2017-03-31,108.50,107.83,109.12,107.78,9001134
2017-04-03,108.85,108.09,109.47,107.52,8390061
2017-04-04,107.87,107.52,108.26,106.88,6479163
2017-04-05,108.36,107.44,108.82,107.32,8199647
2017-04-06,107.59,108.04,108.42,107.15,5210843
2017-04-07,107.88,108.99,109.07,106.76,8352139
2017-04-10,109.00,111.70,111.88,108.84,14797779
2017-04-11,111.40,110.44,111.79,109.46,10011311
2017-04-12,110.50,110.63,111.70,110.31,8098670
2017-04-13,110.72,110.21,111.45,109.82,6856018
2017-04-17,110.91,111.76,111.87,110.30,7124816
2017-04-18,111.20,111.23,112.20,110.87,8304258
2017-04-19,111.99,110.76,112.20,110.57,9603207
2017-04-20,111.53,112.96,113.60,111.48,13773102
2017-04-21,112.80,113.11,113.17,112.30,8965358
2017-04-24,114.04,114.86,115.16,114.02,13382336
2017-04-25,115.54,115.48,115.82,114.80,11333042
2017-04-26,115.37,114.97,115.75,114.62,6675632
2017-04-27,115.00,115.43,115.96,114.83,9439595
2017-04-28,115.90,115.50,115.99,115.00,6984673
2017-05-01,115.63,116.68,117.24,115.50,7331383
2017-05-02,117.07,118.09,118.69,117.00,10047756
2017-05-03,117.95,116.57,118.00,115.12,10590212
2017-05-04,115.94,115.86,116.41,115.15,6977804
2017-05-05,116.05,116.04,116.15,114.80,7097296
2017-05-08,116.90,116.86,117.51,116.20,6461326
2017-05-09,118.62,120.00,120.00,118.07,15209986
2017-05-10,120.01,119.98,120.33,119.10,9344548
2017-05-11,120.13,120.16,120.50,118.25,11372828
2017-05-12,120.37,120.34,120.47,119.51,9820882
2017-05-15,121.03,121.40,121.49,120.03,11121635
2017-05-16,121.98,124.02,124.34,121.74,18193323
2017-05-17,123.25,120.72,123.89,120.50,19808839
2017-05-18,116.31,121.27,122.63,114.00,37111914
2017-05-19,123.96,123.22,126.40,123.07,21096408
2017-05-22,124.98,124.75,125.59,123.56,13487139
2017-05-23,124.67,122.93,125.68,122.85,14365717
2017-05-24,123.07,122.81,123.68,121.95,8375984
2017-05-25,123.74,123.63,124.45,122.31,12482993
2017-05-26,123.93,123.99,124.65,123.10,7557446
2017-05-30,124.08,123.91,124.88,123.53,8342615
2017-05-31,123.64,122.46,124.18,122.00,11580584
2017-06-01,122.82,123.97,124.00,122.26,8898143
2017-06-02,123.72,124.13,124.53,123.24,7341859
2017-06-05,124.02,125.37,125.56,123.87,10029921
2017-06-06,125.61,124.62,126.20,124.27,9256151
2017-06-07,125.08,125.64,125.91,124.11,9430262
2017-06-08,142.51,142.34,143.70,135.21,81347278
2017-06-09,144.57,139.44,148.29,137.01,54358697
2017-06-12,139.17,139.08,142.20,136.05,32173265
2017-06-13,141.88,136.60,142.24,135.90,40867992
2017-06-14,137.80,136.67,139.25,135.26,32852482
2017-06-15,135.64,135.08,135.67,133.10,30504654
2017-06-16,136.28,134.87,136.50,133.55,36428033
2017-06-19,137.81,139.47,140.40,137.40,24940028
2017-06-20,140.08,138.38,140.63,137.93,20570029
2017-06-21,138.82,143.29,143.50,138.02,30900055
2017-06-22,142.05,142.27,144.68,140.88,21890559
2017-06-23,142.10,143.01,143.34,141.60,11751376
2017-06-26,144.03,142.73,145.36,141.27,17826640
2017-06-27,143.90,141.53,144.38,141.10,17370584
2017-06-28,142.65,143.95,144.37,141.48,17751451
2017-06-29,143.16,140.81,143.56,137.52,24124653
2017-06-30,141.03,140.90,142.38,139.92,12273637
2017-07-03,141.75,140.99,142.49,139.50,6975712
2017-07-05,141.16,144.87,145.00,140.33,16988319
2017-07-06,143.01,142.20,143.62,141.83,11928789
2017-07-07,142.65,142.43,143.38,141.83,8038291
2017-07-10,143.00,143.81,144.16,142.25,10345440
2017-07-11,144.29,145.81,145.87,143.26,13512396
2017-07-12,147.38,149.00,149.30,146.85,14944503
2017-07-13,149.52,149.52,150.00,148.00,11676344
2017-07-14,150.12,151.83,152.25,149.69,11462883
2017-07-17,153.53,151.23,153.70,150.42,15333382
2017-07-18,151.08,153.75,154.60,150.48,15306833
2017-07-19,155.14,153.15,156.41,152.64,16890718
2017-07-20,153.96,152.11,154.12,151.84,16728453
2017-07-21,151.79,151.89,152.15,150.31,11447927
2017-07-24,152.77,152.26,153.23,151.60,10646137
2017-07-25,152.36,152.44,152.75,150.85,8455352
2017-07-26,152.53,155.79,156.00,152.36,14440368
2017-07-27,157.85,154.15,160.39,151.33,26048621
2017-07-28,153.96,157.56,158.96,152.82,14442501
2017-07-31,158.90,154.95,159.39,153.50,17774668
2017-08-01,156.25,154.73,156.61,153.80,12018647
2017-08-02,155.47,151.91,155.75,149.10,19522100
2017-08-03,152.10,153.32,153.80,149.60,12420551
2017-08-04,154.32,153.33,154.32,152.16,10031255
2017-08-07,154.83,158.84,158.99,154.37,15893533
2017-08-08,158.56,157.50,159.84,156.80,15430432
2017-08-09,156.05,157.49,157.71,155.20,11014424
2017-08-10,156.20,151.77,156.50,151.25,19296148
2017-08-11,150.51,151.70,152.57,147.50,22303760
2017-08-14,154.77,154.61,155.08,153.10,14579228
2017-08-15,155.74,157.75,158.32,154.00,18625250
2017-08-16,160.00,159.50,160.35,158.54,21268925
2017-08-17,166.12,163.92,168.00,163.51,56805678
2017-08-18,165.36,167.50,169.50,164.10,31479115
2017-08-21,168.29,169.25,170.60,166.98,22334169
2017-08-22,170.02,174.46,174.77,169.64,24463401
2017-08-23,172.90,175.80,176.23,172.75,21927498
2017-08-24,177.00,175.00,177.00,174.30,20781228
2017-08-25,174.80,171.74,174.94,171.11,24168074
2017-08-28,171.15,168.30,171.34,167.06,24588200
2017-08-29,165.15,167.41,169.23,164.35,19576998
2017-08-30,169.15,171.25,172.39,169.15,17756617
2017-08-31,172.54,171.74,172.90,170.25,16478570
2017-09-01,171.99,171.04,172.39,170.65,11163539
2017-09-05,169.47,169.92,171.93,168.74,15019626
2017-09-06,170.17,168.14,171.11,167.00,19982147
2017-09-07,169.26,170.48,170.97,168.00,15101028
2017-09-08,169.99,169.00,171.22,168.92,12341834
2017-09-11,171.50,174.06,174.20,171.50,18238506
2017-09-12,174.89,175.31,175.62,173.37,15622529
2017-09-13,175.75,178.97,179.10,175.56,22029865
2017-09-14,177.54,177.10,179.93,176.02,22809005
2017-09-15,177.90,176.70,179.75,176.70,26560724
2017-09-18,178.89,179.98,180.29,177.75,22913339
2017-09-19,180.69,180.07,180.87,179.25,14743409
2017-09-20,180.02,177.95,180.50,176.15,15391326
2017-09-21,178.05,177.39,178.86,175.30,14576290
2017-09-22,176.20,178.14,178.42,175.68,12743378
2017-09-25,176.48,169.59,177.00,167.50,34024307
2017-09-26,170.01,167.02,171.90,166.79,23690854
2017-09-27,169.84,170.99,171.95,169.45,19436338
2017-09-28,170.91,170.24,171.88,169.57,13948637
2017-09-29,171.11,172.71,173.54,170.74,13397934
2017-10-02,174.57,173.61,175.13,172.57,12557248
2017-10-03,176.06,178.56,178.78,173.61,16709711
2017-10-04,178.06,178.71,180.00,177.30,11415485
2017-10-05,179.00,178.89,179.73,176.03,11888554
2017-10-06,177.85,179.20,179.87,177.61,8743732
2017-10-09,178.97,182.09,183.13,178.75,15011614
2017-10-10,181.65,183.12,184.46,181.36,13201284
2017-10-11,183.00,184.69,184.70,182.60,11974445
2017-10-12,184.04,180.53,184.39,180.35,15441222
2017-10-13,180.96,178.45,181.40,177.97,18107742
2017-10-16,180.00,179.56,180.05,178.51,12855874
2017-10-17,179.58,175.32,180.12,175.30,20132223
2017-10-18,177.09,179.61,180.00,176.28,21766267
2017-10-19,177.00,177.93,179.61,175.45,13538966
2017-10-20,179.02,177.32,179.52,177.08,11953220
2017-10-23,177.80,173.13,178.01,173.05,17610931
2017-10-24,174.00,173.70,175.98,173.26,11945951
2017-10-25,174.69,170.22,175.44,169.30,18109375
2017-10-26,170.62,170.32,171.45,168.58,13527415
2017-10-27,173.19,176.15,177.00,171.11,19712550
2017-10-30,178.43,181.58,181.90,177.59,20219707
2017-10-31,183.57,184.89,185.12,181.81,21256673
2017-11-01,187.88,186.08,188.88,183.58,28594733
2017-11-02,190.99,184.81,191.22,183.31,41239871
2017-11-03,186.51,183.21,186.93,182.06,19697343
2017-11-06,184.07,187.84,188.25,184.00,19873148
2017-11-07,189.58,188.51,189.86,187.00,17780967
2017-11-08,187.98,185.90,188.15,185.10,13944586
2017-11-09,184.21,185.13,185.13,181.05,19755550
2017-11-10,187.03,186.41,187.17,185.40,15030991
2017-11-13,186.77,184.54,187.88,184.00,17185607
2017-11-14,184.30,181.79,184.38,181.15,14475342
2017-11-15,179.37,181.48,181.88,176.74,16566977
2017-11-16,183.31,185.43,186.27,183.12,18389473
2017-11-17,185.92,185.13,186.50,184.67,13422728
2017-11-20,187.60,188.00,190.00,186.61,25992271
2017-11-21,190.35,190.90,191.56,188.80,19639467
2017-11-22,191.54,189.84,191.75,189.37,14417615
2017-11-24,189.39,191.19,191.70,188.70,9887763
2017-11-27,190.49,188.03,191.45,187.55,14952763
2017-11-28,188.83,186.69,189.10,186.50,13378145
2017-11-29,185.25,179.91,185.41,173.62,40204058
2017-11-30,179.53,177.08,179.80,176.32,25851122
2017-12-01,175.27,174.61,179.80,173.80,26782304
2017-12-04,177.20,169.58,177.58,168.26,35895142
2017-12-05,165.28,168.96,172.96,164.25,31609904
2017-12-06,168.30,172.63,173.23,167.87,23897802
2017-12-07,173.76,174.47,175.82,172.26,15697869
2017-12-08,177.72,177.62,178.96,176.37,23543371
2017-12-11,179.19,179.29,180.68,178.15,15626196
2017-12-12,178.00,174.64,178.16,173.77,22656450
2017-12-13,175.19,176.47,177.70,174.30,18653366
2017-12-14,173.11,171.75,173.39,169.61,32830024
2017-12-15,172.89,173.55,173.55,170.00,41356671
2017-12-18,174.60,173.37,174.70,172.37,17023342
2017-12-19,171.97,171.28,173.00,170.51,23936180
2017-12-20,171.79,172.64,172.90,170.80,17121392
2017-12-21,172.80,175.32,176.25,172.65,14812355
2017-12-22,175.84,176.29,176.66,175.04,12524722
2017-12-26,174.55,172.33,175.15,171.73,12913823
2017-12-27,172.29,172.97,173.87,171.73,10152340
2017-12-28,173.04,172.30,173.53,171.67,9508057
2017-12-29,172.28,172.43,173.67,171.20,9704583
2018-01-02,176.40,183.65,184.10,175.70,29916943
2018-01-03,185.19,184.00,185.64,181.40,20121856
2018-01-04,185.90,185.71,187.75,184.43,19473795
2018-01-05,187.17,190.70,190.75,186.30,18168345
2018-01-08,190.46,190.33,191.66,189.07,16230147
2018-01-09,191.13,190.80,192.49,188.00,19495092
2018-01-10,188.10,189.79,190.39,186.58,17943839
2018-01-11,189.73,188.75,190.43,188.10,12400372
2018-01-12,189.91,187.79,190.20,187.25,11789627
2018-01-16,190.40,182.40,191.74,181.75,27428505
2018-01-17,183.30,183.83,184.80,179.32,21346502
2018-01-18,184.28,184.40,185.85,182.69,14190653
2018-01-19,185.15,184.05,185.24,182.80,15349322
2018-01-22,184.98,184.02,185.04,181.68,16016347
2018-01-23,185.28,192.28,192.40,183.54,31305926
2018-01-24,194.71,195.53,198.86,192.40,34497260
2018-01-25,196.34,198.33,199.59,194.10,23421605
2018-01-26,200.33,205.22,205.23,199.21,23768628
2018-01-29,204.83,203.01,205.69,201.82,21908591
2018-01-30,198.68,199.66,202.54,196.49,23377519
2018-01-31,202.82,204.29,206.20,202.80,26982494
2018-02-01,192.75,192.22,199.49,191.14,52628863
2018-02-02,194.79,187.31,195.68,186.80,32233916
2018-02-05,183.70,180.53,190.47,179.90,31083967
2018-02-06,174.72,185.17,185.59,174.17,35804470
2018-02-07,183.50,180.30,186.83,180.30,19672104
2018-02-08,182.27,173.70,183.10,171.39,32051274
2018-02-09,175.12,176.67,177.62,168.88,28049543
2018-02-12,180.44,177.44,180.79,175.09,18280259
2018-02-13,177.42,179.25,182.15,177.00,15506955
2018-02-14,179.22,186.76,186.93,178.90,21047363
2018-02-15,189.25,187.45,189.56,184.43,14361054
2018-02-16,186.75,183.68,188.27,183.54,16114051
2018-02-20,183.67,187.19,188.83,183.00,14854901
2018-02-21,189.37,188.82,193.17,188.46,22071585
2018-02-22,190.20,188.75,190.74,187.77,12282843
2018-02-23,190.18,193.29,193.41,189.95,16937275
2018-02-26,194.46,194.19,195.15,190.65,19463072
2018-02-27,192.59,188.26,193.57,187.21,23218450
2018-02-28,187.25,186.14,188.24,185.00,19367576
2018-03-01,186.18,181.99,187.48,180.05,17286309
2018-03-02,178.01,179.76,180.23,175.45,18909073
2018-03-05,179.41,181.60,181.95,177.07,15656661
2018-03-06,185.19,187.37,188.01,184.82,17856088
2018-03-07,184.37,189.05,189.07,184.32,13728910
2018-03-08,189.05,187.18,190.23,186.57,14331400
2018-03-09,189.64,190.55,190.70,188.01,14208356
2018-03-12,192.30,192.74,194.40,190.90,17826186
2018-03-13,193.88,188.41,194.25,187.39,14826665
2018-03-14,190.29,192.56,193.63,190.22,20032271
2018-03-15,198.44,199.06,201.50,196.52,33626797
2018-03-16,198.40,200.28,200.38,197.26,26948659
2018-03-19,198.00,194.53,198.43,192.80,19681421
2018-03-20,194.95,198.95,199.21,194.54,11952024
2018-03-21,198.80,195.30,198.88,194.57,12047301
2018-03-22,190.75,184.65,192.39,184.60,25355700
2018-03-23,186.85,181.20,188.48,180.40,18714404
2018-03-26,187.89,190.50,190.62,184.32,16758711
2018-03-27,192.24,181.89,192.25,180.66,16627873
2018-03-28,180.73,178.91,183.44,177.57,20081071
2018-03-29,180.88,183.54,185.13,178.62,16378866
2018-04-02,182.81,177.61,183.51,175.75,16028747
2018-04-03,179.26,174.67,179.58,173.00,19975067
2018-04-04,166.88,172.07,172.41,166.13,24573593
2018-04-05,175.48,172.57,176.56,171.17,18250947
2018-04-06,169.84,167.52,172.27,166.40,18209969
2018-04-09,169.75,169.87,172.72,168.61,14717312
2018-04-10,175.10,177.10,177.88,173.85,20596194
2018-04-11,176.48,175.36,178.16,174.74,10170536
2018-04-12,175.93,175.92,177.90,174.56,11133871
2018-04-13,176.72,172.04,176.80,171.07,13526198
2018-04-16,172.01,174.70,174.79,171.01,9876207
2018-04-17,174.83,178.70,179.34,174.83,16285805
2018-04-18,178.90,182.68,182.88,177.64,16972731
2018-04-19,183.26,181.39,183.63,179.52,11988977
2018-04-20,179.36,179.11,181.39,177.53,14473079
2018-04-23,178.63,175.57,179.32,174.71,12033892
2018-04-24,177.63,173.09,178.00,170.68,14567517
2018-04-25,170.52,170.22,171.30,166.64,17132871
2018-04-26,173.25,173.90,174.36,172.05,13398037
2018-04-27,177.11,177.16,178.20,174.01,15062517
2018-04-30,178.09,178.54,180.04,177.05,14653977
2018-05-01,177.58,179.50,180.32,177.44,10787699
2018-05-02,180.80,181.45,184.26,180.11,20681841
2018-05-03,183.50,182.45,183.59,175.77,26257648
2018-05-04,180.40,188.89,190.60,178.62,57788340
2018-05-07,190.41,195.35,196.60,190.30,29862192
2018-05-08,194.20,196.31,197.34,193.01,21856348
2018-05-09,195.84,195.43,197.38,194.50,13780627
2018-05-10,196.30,195.96,199.77,195.16,21295038
2018-05-11,196.40,194.36,196.46,193.38,12741110
2018-05-14,195.90,198.64,200.00,195.87,17627130
2018-05-15,195.23,196.61,196.78,193.86,12694857
2018-05-16,196.75,198.11,199.75,196.30,12887456
2018-05-17,196.00,196.02,198.43,195.57,13470547
2018-05-18,196.43,195.00,197.78,194.72,14242305
2018-05-21,197.80,197.64,199.79,196.40,13830526
2018-05-22,198.30,195.87,198.63,195.70,9700121
2018-05-23,193.88,196.80,196.90,192.80,12807376
2018-05-24,198.12,197.37,199.72,195.70,18527694
2018-05-25,197.57,199.20,201.50,197.21,21269952
2018-05-29,197.94,198.00,202.28,197.00,18768743
2018-05-30,199.70,197.98,200.54,197.50,13930634
2018-05-31,198.00,198.01,199.48,196.85,17982536
2018-06-01,199.50,204.34,204.99,199.45,23131917
2018-06-04,205.12,208.95,209.75,204.73,19357012
2018-06-05,209.95,208.37,211.70,207.13,17787704
2018-06-06,209.86,208.30,210.46,207.29,13800519
2018-06-07,207.46,203.62,209.00,200.88,26747768
2018-06-08,201.11,205.07,206.23,200.43,17525218
2018-06-11,206.50,205.70,207.60,205.01,12061370
2018-06-12,206.95,209.08,209.80,206.90,15910860
2018-06-13,209.44,206.62,209.65,206.60,13844190
2018-06-14,207.72,210.86,211.12,207.51,18838274
2018-06-15,207.49,208.00,210.08,206.01,28665573
2018-06-18,205.16,208.57,208.60,203.88,14645182
2018-06-19,203.53,204.43,204.51,199.50,24484164
2018-06-20,205.05,206.23,207.23,205.02,15559583
2018-06-21,205.84,202.21,206.00,201.04,13963829
2018-06-22,203.38,202.01,203.80,200.25,9623582
2018-06-25,197.85,191.25,198.10,187.86,32750867
2018-06-26,193.34,191.42,193.66,188.42,20740355
2018-06-27,193.46,185.02,193.60,184.89,23886981
2018-06-28,183.20,188.38,188.96,182.04,19553796
2018-06-29,185.36,185.53,188.97,184.26,26023406
2018-07-02,181.66,186.36,186.36,181.06,17325917
2018-07-03,187.88,184.75,188.50,184.36,11673699
2018-07-05,187.17,186.88,187.44,182.90,18412131
2018-07-06,186.01,192.27,192.49,185.54,17035621
2018-07-09,194.45,192.75,194.69,190.87,15466403
2018-07-10,192.89,192.55,195.13,191.48,12611428
2018-07-11,188.60,187.42,190.05,187.42,15947024
2018-07-12,190.77,190.17,192.58,189.79,17440353
2018-07-13,191.61,190.04,192.12,189.30,12557906
2018-07-16,189.57,190.35,191.37,189.15,12205645
2018-07-17,188.65,192.66,192.95,187.90,13270692
2018-07-18,192.45,190.79,193.23,189.91,10796602
2018-07-19,188.68,187.34,189.68,186.87,13373064
2018-07-20,189.49,187.25,189.50,186.61,12812654
2018-07-23,187.18,187.04,187.81,184.80,10996150
2018-07-24,190.19,189.00,193.07,188.35,18414763
2018-07-25,190.61,197.98,198.35,190.14,20739329
2018-07-26,193.21,194.18,196.12,192.62,13885520
2018-07-27,196.10,189.42,196.27,186.93,19916587
2018-07-30,190.22,184.82,190.59,182.06,19906278
2018-07-31,186.40,187.23,188.95,183.99,17016639
2018-08-01,186.00,185.27,189.06,183.96,14370748
2018-08-02,181.54,182.60,182.90,179.78,20976524
2018-08-03,184.15,180.84,184.50,180.08,18185065
2018-08-06,180.70,178.62,180.86,177.49,35418962
2018-08-07,180.29,179.92,183.00,179.74,20620300
2018-08-08,180.00,177.52,180.18,176.55,21152413
2018-08-09,179.31,177.19,180.63,176.76,35220934
2018-08-10,175.57,180.01,180.45,174.75,22049178
2018-08-13,179.65,177.68,180.65,177.00,14680647
2018-08-14,175.14,172.53,176.20,170.77,38508592
2018-08-15,167.11,169.83,169.85,165.39,41278613
2018-08-16,172.33,171.99,175.70,171.57,34263288
2018-08-17,172.52,172.78,174.20,168.38,24695359
2018-08-20,175.22,176.29,178.86,174.36,25900658
2018-08-21,177.63,177.92,179.67,176.97,20337389
2018-08-22,178.15,177.85,179.74,175.50,27138492
2018-08-23,184.97,172.23,186.50,171.91,78843385
2018-08-24,175.00,174.23,176.37,172.45,30442809
2018-08-27,177.10,180.65,180.88,176.22,23533814
2018-08-28,182.15,178.19,182.38,177.50,15319030
2018-08-29,179.35,178.50,179.66,176.83,11911063
2018-08-30,177.33,174.60,178.10,174.12,17086172
2018-08-31,173.11,175.01,176.68,172.76,13730845
2018-09-04,173.50,170.44,173.95,169.00,23450454
2018-09-05,167.48,164.23,168.28,162.03,35694744
2018-09-06,164.16,159.87,166.48,158.67,33051954
2018-09-07,159.95,162.37,164.61,159.51,19452377
2018-09-10,158.59,156.36,160.72,155.00,39092736
2018-09-11,153.18,157.46,158.45,152.85,25913010
2018-09-12,158.20,161.46,162.82,156.18,32490453
2018-09-13,165.41,165.53,167.22,164.01,25696478
2018-09-14,167.88,164.74,168.00,163.38,23417709
2018-09-17,161.50,158.89,161.65,158.29,20423197
2018-09-18,156.88,156.65,159.40,155.52,27240576
2018-09-19,158.82,162.63,163.13,158.82,23028307
2018-09-20,166.89,165.88,167.70,164.72,22818127
2018-09-21,169.46,164.63,169.84,164.50,22081900
2018-09-24,162.81,163.16,163.40,160.10,13123393
2018-09-25,164.05,164.25,165.44,162.83,9588722
2018-09-26,165.52,165.40,167.39,164.87,13592549
2018-09-27,166.39,166.32,167.05,164.92,12689166
2018-09-28,164.90,164.76,165.66,163.30,10486460
2018-10-01,165.92,162.00,165.95,161.56,10615171
2018-10-02,159.79,160.23,161.03,158.27,14730480
2018-10-03,163.15,162.37,164.54,161.93,13118816
2018-10-04,160.06,156.13,160.08,153.87,32176131
2018-10-05,156.14,154.63,157.12,152.25,20270970
2018-10-08,150.20,151.14,152.64,148.34,25060388
2018-10-09,147.97,146.94,150.59,146.47,31070230
2018-10-10,142.50,138.29,144.00,137.92,55828758
2018-10-11,135.53,141.90,142.91,135.14,43210320
2018-10-12,148.62,147.29,149.00,144.52,30764436
2018-10-15,144.77,144.16,145.69,142.30,18567106
2018-10-16,145.71,149.60,149.76,145.26,18365917
2018-10-17,150.68,148.14,150.68,146.37,16872420
2018-10-18,145.85,142.02,146.28,140.80,20618895
2018-10-19,145.34,142.93,146.77,142.61,14855111
2018-10-22,148.99,148.80,150.20,146.10,22589283
2018-10-23,143.22,146.65,147.51,142.62,19950477
2018-10-24,145.18,139.61,146.69,139.34,18512321
2018-10-25,142.50,144.60,144.91,141.01,13655058
2018-10-26,139.00,142.87,145.83,138.55,19476905
2018-10-29,142.42,133.38,144.00,131.36,35121699
2018-10-30,132.28,136.33,136.40,130.06,25230037
2018-10-31,141.35,142.28,142.65,139.14,23654569
2018-11-01,144.98,151.25,152.32,138.62,47039304
2018-11-02,152.56,147.59,154.36,146.28,45985757
2018-11-05,146.22,144.64,149.37,144.23,16197269
2018-11-06,145.87,147.44,149.96,145.32,17849812
2018-11-07,150.77,152.50,152.80,148.94,17884385
2018-11-08,150.99,148.99,151.88,146.69,17067089
2018-11-09,145.57,144.85,145.72,142.48,16220003
2018-11-12,145.01,142.82,146.41,139.97,16516466
2018-11-13,144.83,146.98,149.94,143.91,19575072
2018-11-14,150.21,150.44,152.15,148.44,21785982
2018-11-15,152.90,156.22,157.40,150.89,30083471
2018-11-16,155.04,154.10,155.80,152.14,20039383
2018-11-19,152.02,149.53,153.21,148.77,18087831
2018-11-20,144.48,145.98,148.07,142.82,19473181
2018-11-21,149.06,149.41,151.48,148.65,14718565
2018-11-23,147.30,150.33,151.17,147.00,7437479
2018-11-26,153.21,156.01,156.53,152.37,16152683
2018-11-27,154.64,156.46,157.94,153.58,17911799
2018-11-28,159.01,159.34,159.80,155.26,20767058
2018-11-29,158.08,156.28,159.00,153.54,20532236
2018-11-30,157.90,160.86,160.86,156.72,35071161
2018-12-03,168.64,163.74,168.80,163.51,31078508
2018-12-04,164.88,158.34,164.98,156.46,22198642
2018-12-06,153.00,155.83,155.87,150.51,25335464
2018-12-07,155.40,153.06,158.05,151.73,17447930
2018-12-10,150.39,151.43,152.81,147.48,15525490
2018-12-11,155.26,151.83,156.24,150.90,13651857
2018-12-12,155.24,151.50,156.17,151.43,16619239
2018-12-13,153.05,151.48,153.46,150.52,12255795
2018-12-14,147.71,149.00,150.70,145.72,15560693
2018-12-17,146.50,143.98,147.94,142.24,15788110
2018-12-18,144.28,140.82,144.75,140.11,17846648
2018-12-19,141.04,137.14,141.32,135.73,27657760
2018-12-20,135.83,135.11,137.76,132.91,24103820
2018-12-21,137.08,132.00,137.19,130.23,28790626
2018-12-24,130.00,131.89,134.57,129.77,11240722
2018-12-26,132.87,138.00,138.02,130.18,14862443
2018-12-27,135.05,138.45,138.45,133.89,11457388
2018-12-28,139.20,139.09,140.98,136.79,11955273
2018-12-31,141.83,137.07,142.02,136.04,11186358
2019-01-02,134.13,136.70,137.75,133.03,16708377
2019-01-03,134.27,130.60,134.87,129.83,19531256
2019-01-04,134.26,139.75,141.08,133.66,22845435
2019-01-07,140.55,143.10,144.08,139.01,17238999
2019-01-08,145.00,146.79,147.55,142.06,16487647
2019-01-09,149.89,151.92,153.35,148.50,20214074
2019-01-10,149.81,151.69,152.03,148.88,14221099
2019-01-11,151.83,151.32,153.38,150.14,9589415
2019-01-14,148.50,149.27,150.57,146.54,13356749
2019-01-15,150.68,150.88,154.17,149.96,15003064
2019-01-16,152.81,154.84,155.39,151.50,14810795
2019-01-17,152.11,155.97,158.55,151.90,16153189
2019-01-18,158.45,157.02,159.49,154.73,19611360
2019-01-22,154.40,152.15,155.44,150.21,21294975
2019-01-23,154.65,152.03,155.18,150.95,10195792
2019-01-24,151.47,155.86,156.00,151.21,10997894
2019-01-25,158.91,159.21,160.50,157.43,16459555
2019-01-28,157.80,158.92,159.69,155.30,10141096
2019-01-29,159.04,156.88,160.37,155.92,18348230
2019-01-30,161.29,166.82,167.84,160.50,36997728
2019-01-31,167.80,168.49,169.73,165.70,21219504
2019-02-01,168.00,167.97,169.40,167.63,10771453
2019-02-04,166.32,166.70,167.55,165.61,7380402
2019-02-05,168.55,171.83,171.95,168.00,12801793
2019-02-06,171.86,171.52,173.09,169.99,11267804
2019-02-07,169.16,166.96,169.61,164.34,11911130
2019-02-08,163.83,167.36,167.65,163.75,8331463
2019-02-11,168.85,167.45,170.33,167.45,7260318
2019-02-12,169.60,168.71,170.49,168.61,8594401
2019-02-13,169.91,169.40,171.05,168.99,8661819
2019-02-14,167.64,168.38,168.50,166.61,8722094
2019-02-15,168.61,166.15,168.77,165.41,12099523
2019-02-19,166.98,170.18,171.15,166.50,12982304
2019-02-20,171.00,170.71,172.68,170.61,12454903
2019-02-21,171.00,171.66,171.78,169.80,8434769
2019-02-22,172.80,176.92,177.02,172.52,16175610
2019-02-25,181.26,183.25,183.72,180.73,22831795
2019-02-26,179.79,183.54,184.35,179.37,13870985
2019-02-27,181.72,184.58,184.93,180.88,16741572
2019-02-28,183.01,183.03,184.30,181.47,12370403
2019-03-01,185.09,183.88,186.90,183.38,14348493
2019-03-04,186.00,187.25,187.34,184.46,14761686
2019-03-05,186.94,185.00,188.08,185.00,11513174
2019-03-06,184.38,184.17,185.59,183.02,10009110
2019-03-07,180.91,177.32,181.80,176.73,16488914
2019-03-08,171.57,175.03,175.35,171.57,14674221
2019-03-11,177.83,180.41,181.72,177.58,13764041
2019-03-12,182.04,180.63,182.18,179.51,8659992
2019-03-13,180.73,180.70,182.54,179.26,8868194
2019-03-14,179.06,180.36,180.82,178.01,9272010
2019-03-15,180.66,180.97,181.45,179.66,10844077
2019-03-18,181.93,181.83,182.89,180.76,7847801
2019-03-19,181.63,182.14,183.36,180.85,10238626
2019-03-20,180.94,181.28,181.95,178.43,15901452
2019-03-21,178.95,181.50,181.73,178.52,9754460
2019-03-22,179.77,176.26,180.48,175.34,11688442
2019-03-25,174.33,178.77,178.90,174.10,7511447
2019-03-26,179.70,178.08,180.65,177.10,7897854
2019-03-27,177.70,177.03,179.83,176.91,8370972
2019-03-28,177.47,177.73,178.53,175.97,7232992
2019-03-29,180.73,182.45,182.60,179.00,13850865
2019-04-01,185.09,180.89,185.56,180.89,12714767
2019-04-02,181.46,181.74,183.56,180.95,8021500
2019-04-03,179.51,178.32,180.70,176.76,26819027
2019-04-04,177.04,181.07,181.96,176.89,17002465
2019-04-05,182.51,185.35,185.50,182.00,18705035
2019-04-08,184.19,186.50,187.82,184.01,14725576
2019-04-09,186.49,187.19,187.89,186.16,11578209
2019-04-10,186.69,186.19,187.40,184.00,10655022
2019-04-11,185.15,184.98,186.06,183.75,8900299
2019-04-12,187.71,188.91,189.79,187.14,12600038
2019-04-15,188.06,183.07,188.17,182.56,14616599
2019-04-16,185.55,185.78,185.79,183.40,12195911
2019-04-17,187.34,187.55,188.20,185.78,11614169
2019-04-18,186.41,186.94,187.28,185.39,7882495
2019-04-22,184.50,185.38,186.47,183.61,8464637
2019-04-23,186.00,187.29,188.15,185.44,10330524
2019-04-24,186.76,185.67,186.90,184.58,8894436
2019-04-25,185.24,187.88,188.13,183.96,10209166
2019-04-26,187.88,187.09,188.74,185.51,9245951
2019-04-29,187.42,186.94,188.00,185.76,8400280
2019-04-30,186.30,185.57,188.25,183.82,14674702
2019-05-01,186.75,189.31,193.20,185.88,17405482
2019-05-02,189.42,190.39,192.70,186.65,11401322
2019-05-03,191.88,195.21,195.72,191.88,14402201
2019-05-06,185.17,188.24,189.00,184.83,23704765
2019-05-07,186.05,181.43,186.45,179.63,22381366
2019-05-08,180.95,179.59,183.20,178.58,16135046
2019-05-09,175.43,179.04,180.70,173.07,22650440
2019-05-10,180.18,178.00,180.79,174.10,18673047
2019-05-13,169.79,170.01,172.47,168.78,22109089
2019-05-14,172.75,174.84,175.15,171.48,17595389
2019-05-15,177.06,177.60,180.24,173.32,36946494
2019-05-16,178.18,175.57,178.25,174.75,20449441
2019-05-17,171.69,169.57,172.29,168.49,21717969
2019-05-20,164.44,160.65,164.57,160.02,32086093
2019-05-21,163.16,163.43,165.59,162.52,21979755
2019-05-22,162.41,158.83,162.82,158.07,25831223
2019-05-23,155.45,156.00,158.48,154.41,26803371
2019-05-24,157.62,155.00,158.43,154.90,21415883
2019-05-28,156.40,154.81,157.07,153.22,37965985
2019-05-29,153.58,152.48,154.39,150.71,28549458
2019-05-30,152.36,151.07,153.37,150.25,17240611
2019-05-31,149.63,149.26,150.68,147.95,26465498
2019-06-03,149.60,149.91,151.77,148.85,24804020
2019-06-04,151.56,154.15,155.20,150.64,27306994
2019-06-05,155.17,151.65,156.11,149.31,23055326
2019-06-06,152.00,151.50,152.70,150.57,15318975
2019-06-07,152.95,154.23,155.69,152.21,17428867
2019-06-10,158.78,159.85,161.98,157.40,36312774
2019-06-11,164.20,162.65,165.68,161.92,23261746
2019-06-12,160.47,160.04,161.70,158.81,16054776
2019-06-13,160.55,160.33,161.32,159.80,16408486
2019-06-14,158.37,158.10,158.71,157.23,14912847
2019-06-17,157.53,159.91,160.55,157.42,15967150
2019-06-18,162.89,165.51,169.11,161.95,35381878
2019-06-19,167.77,165.46,167.90,163.42,20592668
2019-06-20,170.19,168.25,170.48,166.28,23314076
2019-06-21,167.48,167.55,169.47,166.77,17251123
